;AA;AXP;BA;BAC;CAT;CSCO;CVX;DD;DIS;GE;HD;HPQ;IBM;INTC;JNJ;JPM;KO;MCD;MMM;MRK;MSFT;PFE;PG;T;TRV;UNH;UTX;VZ;WMT;XOM
31/12/2010;15.39;42.92;65.26;13.34;93.66;20.23;91.25;49.88;37.51;18.29;35.06;42.10;146.76;21.03;61.85;42.42;65.77;76.76;86.30;36.04;27.91;17.51;64.33;29.38;55.71;36.11;78.72;35.78;53.93;73.12
30/12/2010;15.21;42.51;65.01;13.28;93.87;20.23;91.60;49.69;37.48;18.19;34.86;42.26;146.67;21.02;61.94;42.23;65.50;76.76;86.54;36.01;27.85;17.49;64.28;29.33;55.54;35.94;78.85;35.56;54.07;73.36
29/12/2010;15.13;42.86;65.05;13.31;93.78;20.25;91.37;50.02;37.60;18.27;34.89;42.32;146.52;20.94;62.13;42.36;65.45;76.99;86.76;36.21;27.97;17.60;64.40;29.31;55.59;35.91;79.10;35.58;54.08;73.37
28/12/2010;15.25;42.79;64.86;13.34;93.69;20.35;91.19;49.82;37.36;18.32;35.09;42.25;145.71;20.88;62.05;42.61;65.36;76.43;86.74;36.20;28.01;17.59;64.76;29.23;55.66;35.72;79.29;35.62;53.74;73.42
27/12/2010;15.23;43.05;64.75;13.27;94.07;20.16;90.12;49.63;37.48;18.19;35.24;41.82;145.34;20.84;61.93;42.67;65.07;76.43;87.01;36.23;28.07;17.49;64.67;29.25;55.79;35.54;79.27;35.50;53.57;73.01
23/12/2010;15.34;42.77;65.06;13.06;94.45;19.69;90.68;49.77;37.70;18.04;35.09;41.74;145.89;20.84;62.25;42.08;65.58;76.96;86.47;36.29;28.30;17.61;65.24;29.20;55.48;35.77;79.50;35.44;53.60;73.20
22/12/2010;15.14;42.81;64.61;13.38;94.57;19.56;89.92;49.80;37.95;18.06;35.18;41.48;145.95;20.89;62.02;42.16;65.59;77.01;86.72;36.22;28.19;17.56;64.95;29.13;55.85;35.84;79.52;35.18;53.31;72.80
21/12/2010;14.89;43.23;64.19;12.98;94.63;19.53;89.23;49.97;37.33;17.90;35.08;41.91;145.74;21.10;62.34;41.00;65.49;76.86;86.53;36.18;28.07;17.38;64.87;29.07;55.87;35.33;79.35;34.94;53.65;72.72
20/12/2010;14.77;42.50;63.27;12.62;93.30;19.62;88.80;49.72;37.06;17.70;35.20;41.89;144.51;21.23;62.49;39.95;65.31;76.92;87.34;36.50;27.81;17.17;64.97;29.13;55.45;35.18;78.90;34.74;53.77;72.22
17/12/2010;14.56;44.01;65.03;12.57;92.59;19.55;88.49;49.86;37.05;17.70;35.10;41.96;145.00;21.46;62.54;39.67;65.70;76.81;86.37;36.48;27.90;17.03;64.81;29.21;55.18;35.05;78.80;34.64;54.41;72.17
16/12/2010;14.46;44.57;64.40;12.52;93.20;19.75;89.06;49.45;37.01;17.77;35.12;41.95;144.55;21.30;62.40;40.01;65.34;76.71;86.40;36.84;27.99;17.22;64.50;29.23;55.36;35.61;79.02;34.76;54.63;72.22
15/12/2010;13.96;46.12;64.24;12.29;93.12;19.47;88.01;49.24;36.95;17.49;34.79;41.23;144.72;21.28;62.57;40.21;64.74;76.98;85.81;36.66;27.85;17.08;63.64;29.13;55.15;35.45;78.95;34.63;54.23;71.85
14/12/2010;14.20;46.20;64.49;12.40;92.09;19.54;88.38;49.13;37.24;17.69;34.72;41.54;145.82;21.47;62.77;40.79;63.90;77.11;85.84;36.55;27.62;17.11;63.55;29.34;55.34;36.50;78.85;34.67;54.45;72.18
13/12/2010;14.36;46.37;63.79;12.54;91.63;19.58;88.37;48.56;37.13;17.62;34.56;41.65;144.28;21.50;61.86;41.51;64.85;77.11;85.30;36.10;27.25;17.19;63.19;28.78;55.29;36.90;78.15;34.11;54.21;72.36
10/12/2010;14.25;46.26;64.16;12.80;89.94;19.70;87.03;48.62;36.66;17.72;34.40;42.62;144.82;21.91;61.91;41.43;64.65;77.56;84.32;35.99;27.34;17.02;63.20;28.89;54.78;36.67;78.40;34.04;54.28;72.18
09/12/2010;14.15;45.81;64.61;12.65;89.67;19.70;86.65;48.32;36.74;17.13;34.32;42.54;144.30;21.81;62.06;40.81;64.83;77.61;84.11;35.67;27.08;16.76;62.87;28.82;54.63;36.65;77.63;33.56;54.34;72.00
08/12/2010;14.14;45.63;65.18;12.00;89.62;19.35;86.14;48.88;36.97;17.04;34.03;42.66;144.98;21.82;62.45;40.26;64.39;78.74;84.68;35.40;27.23;16.72;62.63;28.63;55.06;36.84;77.69;32.98;54.49;71.85
07/12/2010;14.15;44.78;66.23;11.57;90.35;19.39;86.30;48.96;37.33;17.03;33.55;42.19;144.02;21.58;62.31;39.25;64.14;80.34;84.19;35.37;26.87;16.77;62.15;28.54;54.84;36.77;78.54;32.95;55.09;71.46
06/12/2010;14.24;45.00;66.59;11.64;89.20;19.43;84.95;48.93;37.56;16.70;33.34;42.85;144.99;21.70;62.20;39.90;63.99;79.58;86.88;35.25;26.84;16.81;62.06;28.30;55.02;37.29;78.41;32.89;54.49;71.31
03/12/2010;14.23;44.88;66.54;11.86;89.38;19.07;84.89;49.24;37.59;16.78;33.48;43.03;145.38;21.69;62.56;39.61;64.50;79.76;86.94;35.30;27.02;16.72;62.33;28.49;54.86;37.82;78.74;32.90;54.62;71.19
02/12/2010;14.09;44.98;66.59;11.68;88.62;19.22;84.50;48.63;37.34;16.68;33.36;43.11;145.18;21.70;62.60;39.31;64.90;79.38;86.51;35.22;26.89;16.69;62.36;28.55;55.11;38.05;78.70;32.74;54.75;71.48
01/12/2010;13.57;44.30;65.72;11.29;87.45;19.32;82.70;48.35;37.12;16.30;31.61;42.57;144.41;21.48;62.42;38.15;64.70;79.29;86.05;35.06;26.04;16.70;62.15;28.28;54.89;37.67;78.26;32.35;54.70;71.33
30/11/2010;13.13;43.22;63.77;10.95;84.60;19.16;80.97;46.99;36.51;15.83;30.21;41.93;141.46;21.16;61.55;37.40;63.17;78.30;83.98;34.47;25.26;16.30;61.07;27.79;53.99;36.52;75.27;32.01;54.09;69.56
29/11/2010;13.29;43.33;64.36;11.31;83.67;19.44;81.69;46.92;36.42;15.97;30.69;42.60;142.89;21.33;61.91;37.91;63.39;78.26;84.22;34.69;25.31;16.56;62.13;27.70;54.18;36.59;74.80;31.90;53.85;69.45
26/11/2010;13.17;42.27;64.80;11.12;84.13;19.49;82.05;46.31;36.70;15.80;31.00;43.20;143.90;21.34;62.30;37.50;64.11;78.54;84.40;34.79;25.25;16.49;62.13;27.93;54.37;35.88;75.28;32.21;53.74;69.23
24/11/2010;13.31;43.00;65.41;11.28;84.69;19.46;82.93;47.06;36.87;15.94;31.16;43.74;145.81;21.39;63.29;38.16;64.61;79.48;84.66;35.15;25.37;16.69;62.60;28.14;55.11;36.18;76.09;32.35;54.01;69.88
23/11/2010;13.13;41.95;63.60;11.09;82.63;19.20;81.75;46.05;36.12;15.76;30.91;44.19;143.18;21.09;62.87;37.63;63.62;79.01;83.59;34.81;25.12;16.57;62.61;28.03;54.30;36.05;74.18;32.39;53.67;68.98
22/11/2010;13.29;42.22;64.03;11.30;84.00;19.56;83.45;46.80;36.95;16.03;31.09;43.25;145.39;21.25;63.62;38.51;64.27;79.52;84.90;35.59;25.73;16.63;63.56;28.29;55.03;36.46;75.11;32.50;54.38;70.19
19/11/2010;13.38;42.75;63.59;11.66;83.97;19.61;83.94;47.10;37.01;16.22;31.22;42.49;145.05;21.14;63.83;39.41;64.32;79.64;85.01;35.33;25.69;16.80;64.05;28.32;55.49;36.00;75.31;32.59;54.39;70.54
18/11/2010;13.38;42.25;64.61;11.70;83.11;19.61;83.82;46.53;37.58;16.04;30.87;41.69;144.36;21.02;63.83;39.66;63.84;79.02;85.55;35.29;25.84;16.83;64.02;28.44;55.79;35.63;75.03;32.65;53.98;70.31
17/11/2010;12.94;41.41;62.50;11.62;81.17;19.41;82.46;45.66;37.22;15.81;30.83;40.97;141.95;21.08;63.06;39.18;62.52;78.37;83.95;34.47;25.57;16.48;63.27;27.96;55.37;35.33;73.64;32.34;53.77;69.01
16/11/2010;13.03;41.93;62.78;11.94;80.37;19.44;82.48;45.68;36.92;15.86;31.71;41.80;142.24;21.07;63.14;39.61;62.08;77.42;84.24;34.10;25.81;16.60;63.45;28.24;54.73;35.01;74.16;32.19;54.26;68.94
15/11/2010;13.40;42.70;63.61;12.10;81.82;19.95;84.86;46.31;37.25;16.20;31.39;42.54;143.64;21.30;64.14;40.08;62.96;79.07;86.20;34.54;26.20;16.75;64.29;28.63;56.78;35.47;75.31;32.77;53.95;70.48
12/11/2010;13.49;42.70;63.09;12.12;81.04;20.15;85.44;46.52;37.75;16.25;31.44;42.21;143.74;21.53;63.67;39.61;62.92;78.85;86.24;34.71;26.27;16.85;64.33;28.46;56.31;36.67;74.88;32.56;54.13;70.99
11/11/2010;13.81;43.35;65.37;12.37;82.44;20.52;86.09;47.19;35.93;16.35;31.70;43.10;145.43;21.21;63.92;40.02;62.80;79.70;86.50;35.21;26.68;16.98;64.36;28.83;56.41;37.47;75.39;32.63;54.34;71.83
10/11/2010;13.88;43.56;67.07;12.57;82.46;24.49;85.17;47.19;36.99;16.55;31.68;44.16;146.55;21.04;63.95;40.62;62.55;79.50;86.25;34.96;26.94;16.83;64.57;29.05;56.76;37.16;76.15;32.85;54.51;71.13
09/11/2010;13.75;43.36;69.25;12.27;81.91;24.35;83.56;47.61;36.86;16.62;31.47;44.12;146.14;21.16;64.31;39.90;62.64;79.10;85.30;35.05;26.95;16.99;64.81;29.18;56.58;36.98;76.69;33.01;55.05;70.63
08/11/2010;13.96;43.90;70.21;12.60;83.12;24.39;84.80;48.37;37.06;16.71;31.49;44.25;146.46;21.23;64.33;40.51;62.46;79.31;85.86;35.62;26.81;17.05;64.75;29.18;56.58;37.12;76.63;33.17;54.91;70.32
05/11/2010;14.00;44.07;71.27;12.36;83.54;24.26;84.98;48.18;37.20;16.73;31.92;43.72;146.92;21.24;64.65;40.94;62.58;79.30;86.34;35.70;26.85;17.18;65.00;29.27;57.44;36.86;76.75;33.43;55.20;70.00
04/11/2010;13.60;43.73;70.85;12.13;83.18;24.21;85.14;48.36;37.03;16.51;31.94;44.07;146.79;20.97;64.76;39.80;62.45;79.18;87.04;36.65;27.14;17.38;65.00;29.44;57.24;36.80;76.24;33.52;55.36;69.38
03/11/2010;13.14;42.07;68.94;11.52;79.88;23.71;82.70;47.06;36.29;16.06;31.46;43.81;144.17;20.48;64.19;37.72;61.95;78.50;85.30;36.51;27.03;17.59;64.31;29.06;55.91;36.66;75.05;32.99;54.91;67.97
02/11/2010;13.24;42.39;69.78;11.40;79.75;23.17;82.15;47.42;36.11;15.94;31.51;42.91;143.84;20.34;63.88;36.96;61.86;78.40;84.80;36.61;27.39;17.45;64.02;28.94;55.52;37.00;75.25;32.80;54.79;67.84
01/11/2010;13.05;41.56;70.48;11.50;79.27;22.92;81.45;46.90;36.03;15.95;30.71;42.49;143.32;20.57;63.69;37.42;61.71;77.88;83.98;36.25;26.95;17.62;63.62;28.72;55.77;36.11;74.64;32.40;54.31;66.95
29/10/2010;13.14;41.46;70.64;11.45;78.60;22.86;82.60;47.28;36.13;16.02;30.90;42.04;143.60;20.05;63.74;37.63;61.32;77.77;84.22;36.31;26.67;17.42;63.57;28.52;55.20;36.05;74.77;32.48;54.17;66.49
28/10/2010;12.65;41.22;71.27;11.53;77.74;23.19;84.44;47.03;36.51;16.08;31.19;42.66;140.90;20.47;63.56;37.51;61.21;77.48;85.07;36.94;26.28;17.57;63.19;28.50;54.74;36.25;74.70;32.41;54.08;66.22
27/10/2010;12.70;40.68;70.86;11.54;78.22;23.29;84.31;46.96;35.92;16.11;30.90;42.39;141.43;20.19;63.57;37.54;61.19;77.48;90.37;36.46;26.05;17.28;63.08;28.35;54.73;35.93;74.46;32.51;53.87;65.67
26/10/2010;12.87;40.10;71.30;11.30;78.65;23.40;85.15;47.22;35.96;16.16;31.29;42.95;140.67;20.04;63.84;37.20;61.24;78.76;90.47;37.07;25.90;17.49;62.86;28.31;55.03;37.57;74.67;32.50;54.56;66.53
25/10/2010;12.88;39.30;71.66;11.16;79.05;23.61;84.87;47.70;35.46;16.06;31.40;42.88;139.84;19.87;63.98;37.07;61.01;78.70;90.90;37.42;25.19;17.62;63.54;28.36;55.59;37.56;75.01;32.35;53.95;66.20
22/10/2010;12.72;39.03;71.26;11.44;78.33;23.48;84.55;46.83;34.97;16.06;31.48;42.87;139.67;19.84;63.81;37.70;61.61;78.55;90.44;37.10;25.38;17.50;63.40;28.29;55.10;37.26;74.94;32.09;54.06;66.34
21/10/2010;12.78;40.27;71.50;11.36;78.89;23.26;84.25;47.13;34.68;16.10;31.81;42.40;139.83;19.76;63.99;37.70;61.47;78.44;90.55;37.10;25.42;17.63;63.51;28.34;54.98;36.49;74.97;32.52;54.03;66.32
20/10/2010;12.95;39.73;71.36;11.75;80.32;23.40;84.02;47.08;34.62;16.05;30.73;42.82;139.07;19.64;63.60;38.10;61.15;77.41;89.47;36.99;25.31;17.66;63.37;28.61;54.64;36.73;73.92;32.64;53.47;66.01
19/10/2010;12.67;39.31;69.05;11.80;78.55;22.97;82.79;45.98;34.24;16.07;30.41;42.83;138.03;19.21;63.29;37.69;60.34;76.99;88.55;36.52;25.10;17.39;63.18;28.21;53.76;35.30;73.61;32.16;53.32;65.12
18/10/2010;13.14;39.55;70.23;12.34;80.24;23.30;84.48;47.11;34.75;16.25;30.53;43.32;142.83;19.19;63.86;38.20;60.00;77.32;89.66;37.23;25.82;17.80;63.35;28.62;54.40;36.25;74.56;32.59;53.76;66.28
15/10/2010;13.13;39.09;70.11;11.98;79.75;23.36;83.61;46.67;34.88;16.30;30.70;42.82;141.06;19.32;63.57;37.15;59.94;77.48;89.14;36.95;25.54;17.75;62.76;28.33;53.63;35.98;74.10;32.43;53.35;65.19
14/10/2010;13.13;39.44;71.36;12.60;79.91;23.07;83.90;46.49;34.85;17.16;30.81;42.13;141.50;19.32;63.74;38.72;59.91;77.04;89.07;37.15;25.23;17.66;62.80;28.50;53.46;35.78;74.15;32.44;53.25;65.30
13/10/2010;13.37;39.26;71.47;13.29;80.29;23.18;83.67;46.88;34.91;17.28;31.00;42.21;140.37;19.24;63.58;39.84;59.94;75.75;89.14;37.16;25.34;17.73;62.63;28.47;53.41;35.32;74.18;32.21;53.82;65.04
12/10/2010;13.20;38.54;70.22;13.52;79.34;22.62;83.84;46.29;34.48;17.19;31.41;41.35;139.85;19.77;63.29;40.40;59.60;75.58;88.15;36.64;24.83;17.48;62.02;28.39;52.82;35.02;72.98;32.54;53.92;64.70
11/10/2010;12.93;37.94;69.99;13.15;79.98;22.47;83.71;46.09;34.57;16.96;31.79;41.20;139.66;19.56;63.30;39.73;59.56;75.59;88.25;36.86;24.59;17.38;62.14;28.32;52.95;34.65;72.93;33.03;54.61;64.55
08/10/2010;12.89;37.99;69.23;13.18;80.37;22.48;83.94;46.66;34.51;17.12;31.89;41.15;138.85;19.52;63.23;39.31;59.41;76.10;89.16;36.91;24.57;17.46;61.86;28.22;52.81;34.35;72.91;32.83;54.41;64.38
07/10/2010;12.20;37.82;68.46;13.31;78.74;22.39;83.52;46.23;33.91;17.05;31.74;40.81;138.72;19.40;63.22;39.52;59.44;75.86;88.90;36.71;24.53;17.38;60.80;28.25;52.61;34.34;72.78;32.93;54.36;63.85
06/10/2010;12.37;38.02;68.58;13.39;79.08;22.30;83.89;45.87;33.72;16.90;31.74;40.74;137.84;19.31;63.21;39.90;59.80;75.56;89.89;37.01;24.43;17.26;60.87;28.62;52.82;33.95;72.87;33.36;54.56;63.94
05/10/2010;12.14;38.28;68.60;13.56;79.40;21.99;83.39;45.77;33.83;16.51;31.74;40.81;137.66;19.15;62.80;39.64;59.66;75.82;88.86;37.02;24.35;17.23;60.82;29.36;52.87;35.07;72.51;33.57;54.00;63.26
04/10/2010;11.92;39.05;66.33;13.15;77.27;21.76;81.31;44.42;33.14;16.10;31.67;40.64;135.25;18.87;61.67;38.95;58.88;74.95;86.70;36.52;23.91;16.90;59.96;28.86;52.12;34.54;70.53;33.03;53.57;62.19
01/10/2010;12.23;41.78;66.83;13.30;78.22;21.91;81.95;44.85;33.34;16.36;31.82;40.77;135.64;19.32;61.75;38.81;59.12;74.92;87.62;36.60;24.38;17.18;60.16;28.81;52.12;35.43;71.13;32.89;53.36;62.54
30/09/2010;12.11;42.03;66.54;13.10;78.68;21.90;81.05;44.62;33.10;16.25;31.68;42.07;134.14;19.20;61.96;38.06;58.52;74.51;86.71;36.81;24.49;17.17;59.97;28.60;52.10;35.11;71.23;32.59;53.52;61.79
29/09/2010;12.08;43.01;65.97;13.11;79.99;21.87;81.28;44.53;33.01;16.36;31.81;42.53;135.48;19.24;62.31;38.41;58.76;74.45;87.17;37.12;24.50;17.40;60.25;28.71;51.99;35.20;71.49;32.66;53.35;61.59
28/09/2010;12.22;43.69;64.52;13.27;79.67;21.86;80.88;45.67;33.22;16.44;31.81;41.62;134.89;19.51;62.43;38.95;59.10;74.63;87.04;37.25;24.68;17.43;60.62;28.92;52.69;35.04;71.60;32.72;53.82;62.06
27/09/2010;12.07;43.44;63.89;13.24;79.54;22.11;80.08;45.30;33.29;16.43;31.60;41.26;134.65;19.24;62.03;39.08;58.60;74.76;86.19;37.13;24.73;17.17;61.04;28.87;52.16;35.35;70.91;32.86;53.48;61.71
24/09/2010;12.20;43.13;64.60;13.60;79.73;22.09;80.12;45.58;33.58;16.66;31.64;40.98;134.11;19.42;62.14;39.75;58.62;75.10;86.96;37.34;24.78;17.40;61.64;28.58;53.12;35.73;71.50;32.64;54.08;61.75
23/09/2010;11.74;42.36;62.65;13.17;76.26;21.53;78.54;44.42;33.12;16.14;30.84;40.15;131.67;18.98;61.81;39.10;57.87;74.64;85.53;36.66;24.43;17.04;61.22;28.51;52.40;35.44;69.80;32.17;53.65;61.15
22/09/2010;11.70;42.79;63.90;13.42;76.18;21.67;79.25;44.62;33.99;16.50;30.88;39.55;132.57;19.01;61.97;39.94;58.23;75.13;86.63;36.96;24.61;17.22;61.79;28.59;52.33;35.68;70.58;32.39;53.82;61.45
21/09/2010;11.17;42.78;64.23;13.65;76.39;21.64;79.75;44.83;34.50;16.52;30.91;39.92;131.98;19.14;61.94;40.59;58.11;75.51;86.55;36.72;25.15;17.14;61.52;28.61;52.93;35.26;70.60;32.32;53.57;61.54
20/09/2010;11.38;43.12;63.72;13.74;74.75;21.75;79.90;44.61;34.90;16.55;30.65;39.39;131.79;18.93;62.09;41.19;57.97;75.11;87.41;36.54;25.43;17.28;61.43;28.54;53.56;34.93;70.37;32.09;53.54;61.55
17/09/2010;11.17;41.37;62.95;13.40;73.18;21.86;78.46;43.95;34.56;16.29;29.89;39.14;130.19;18.81;61.57;40.06;57.56;74.32;86.07;36.33;25.22;17.06;60.97;28.17;52.67;34.13;69.53;31.68;53.01;60.78
16/09/2010;11.26;40.96;62.58;13.55;72.00;21.93;79.05;43.38;34.17;16.23;29.95;40.35;129.67;18.97;61.29;40.99;57.51;74.80;84.95;36.43;25.33;17.17;61.11;28.11;52.70;34.24;68.53;31.42;53.15;60.97
15/09/2010;11.43;40.85;62.73;13.71;72.13;21.59;79.21;42.93;34.21;16.34;29.94;39.62;129.43;18.72;61.05;40.98;57.42;74.71;84.58;36.51;25.12;17.27;61.11;28.01;52.49;34.27;68.27;31.19;52.86;61.00
14/09/2010;11.49;40.38;62.76;13.68;71.83;21.45;79.51;42.67;34.05;16.16;29.97;39.29;128.85;18.74;60.58;40.72;57.59;73.94;84.63;36.52;25.03;17.08;60.64;27.93;51.02;34.61;68.72;30.91;52.66;61.01
13/09/2010;11.52;41.22;64.19;13.95;72.24;21.26;79.25;42.80;34.27;16.25;29.99;38.28;129.61;18.56;60.32;41.12;58.03;74.57;84.86;36.22;25.11;16.97;60.48;27.93;50.44;34.72;68.79;30.90;52.21;61.00
10/09/2010;11.17;40.19;63.84;13.55;71.26;20.62;78.82;42.29;34.15;15.98;29.68;38.28;127.99;17.97;59.98;39.76;58.52;75.01;83.94;36.65;23.85;16.99;60.40;27.83;50.06;34.49;68.89;30.82;51.97;61.20
09/09/2010;11.23;40.69;63.44;13.50;70.64;20.61;77.36;42.18;34.08;15.91;29.41;38.82;126.36;18.00;59.82;40.10;58.29;74.37;82.96;36.08;24.01;16.77;60.29;27.81;50.27;34.02;68.62;30.84;51.91;61.05
08/09/2010;11.07;40.07;64.50;13.37;70.74;20.64;77.25;42.39;33.84;15.70;29.45;38.81;126.08;17.90;58.85;39.12;57.83;76.08;82.75;35.81;23.93;16.56;60.37;27.39;49.86;33.85;68.47;30.46;51.83;60.75
07/09/2010;10.86;40.09;63.42;13.21;69.70;20.58;77.05;42.00;33.84;15.44;29.33;39.92;125.95;18.12;58.70;38.28;57.63;75.80;82.14;35.46;23.96;16.33;60.14;27.27;50.13;33.78;67.98;30.22;51.86;60.55
03/09/2010;10.88;41.80;64.64;13.50;70.08;21.04;78.00;42.51;34.67;15.39;29.85;40.34;127.58;18.43;58.93;39.17;57.56;75.09;83.48;35.59;24.29;16.46;60.29;27.44;51.03;33.91;68.26;30.20;52.04;61.32
02/09/2010;10.83;40.88;63.39;13.28;68.54;20.52;77.45;42.09;33.91;15.15;29.41;39.68;125.04;18.28;58.61;38.16;57.38;75.02;81.87;35.35;23.94;16.40;60.07;27.40;50.22;32.86;67.44;30.11;51.76;61.06
01/09/2010;10.52;41.07;62.29;13.21;68.16;20.26;76.77;42.00;33.51;15.01;28.67;39.21;125.77;18.14;58.29;37.74;57.31;74.54;81.01;35.62;23.90;16.28;59.80;27.35;50.31;32.59;67.37;30.26;51.20;60.91
31/08/2010;10.22;39.87;61.13;12.46;65.16;19.99;74.08;40.77;32.54;14.48;27.82;38.45;123.13;17.67;57.02;36.36;55.88;73.06;78.55;35.16;23.47;15.91;59.67;27.03;48.99;31.72;65.21;29.53;50.14;59.11
30/08/2010;10.25;39.89;62.10;12.32;64.47;20.32;73.78;40.32;32.35;14.52;27.99;38.56;123.40;17.96;57.30;35.85;55.55;72.74;79.65;34.73;23.64;15.86;59.37;26.63;48.95;31.91;65.39;29.44;50.55;59.00
27/08/2010;10.32;40.91;63.16;12.64;65.90;20.81;74.93;41.01;32.78;14.71;28.74;38.00;124.73;18.37;57.60;36.60;56.16;73.99;81.00;35.00;23.93;16.09;59.80;26.94;49.87;32.37;66.57;29.84;51.00;59.80
26/08/2010;10.01;39.73;61.32;12.47;63.95;20.70;73.33;39.49;31.94;14.50;28.38;38.22;122.78;18.18;57.80;35.63;55.16;73.16;79.78;34.48;23.82;15.90;59.54;26.70;49.03;31.85;65.05;29.50;50.97;58.48
25/08/2010;10.11;39.80;60.76;12.66;64.70;21.21;74.07;39.71;32.11;14.57;28.33;38.24;125.27;18.48;57.98;36.23;55.39;73.19;80.75;34.54;24.10;15.99;59.67;26.89;49.52;31.96;65.26;29.66;51.55;58.91
24/08/2010;10.06;39.57;60.93;12.64;65.04;21.13;73.78;39.59;32.14;14.57;27.78;38.39;124.90;18.41;58.01;36.21;55.66;72.72;80.45;34.44;24.04;15.82;59.66;26.72;49.26;31.04;65.66;29.47;51.30;58.94
23/08/2010;10.37;40.20;63.30;12.87;66.84;21.68;75.05;40.37;32.93;14.89;27.83;39.04;126.47;18.70;58.87;36.88;55.60;73.34;81.08;34.97;24.28;16.10;60.03;26.49;49.74;31.50;67.22;29.41;51.14;59.50
20/08/2010;10.57;40.76;64.60;12.87;68.86;22.23;75.05;40.34;33.05;15.03;28.17;39.85;127.50;18.91;58.74;37.14;55.30;73.08;80.66;34.44;24.23;15.92;59.98;26.45;50.09;31.61;68.12;29.37;50.22;58.89
19/08/2010;10.66;40.96;64.62;13.02;69.29;22.22;75.84;40.59;33.19;15.25;28.22;40.76;128.90;18.90;58.72;37.07;55.28;72.97;81.81;34.71;24.44;16.03;60.19;26.97;49.84;31.79;68.51;29.62;50.06;59.29
18/08/2010;10.93;41.69;66.00;13.32;69.75;22.41;77.04;41.42;33.91;15.70;28.86;41.36;129.39;19.59;59.35;37.89;55.84;73.25;83.61;35.37;24.82;16.10;60.75;27.28;50.08;32.54;69.93;30.15;50.86;60.15
17/08/2010;10.95;41.74;65.99;13.21;69.74;22.05;77.77;41.42;33.76;15.58;28.31;40.82;128.45;19.53;59.22;37.48;56.12;73.22;84.09;35.54;24.71;16.27;60.29;26.97;49.91;32.35;70.51;30.17;51.02;60.82
16/08/2010;10.60;41.54;64.40;13.19;68.49;21.91;77.71;40.39;33.66;15.46;27.38;40.55;127.77;19.47;58.01;37.69;55.88;71.79;83.43;34.97;24.50;16.03;59.77;26.65;49.91;31.90;70.35;29.96;50.41;59.88
13/08/2010;10.64;41.73;64.84;13.23;68.01;21.36;77.40;40.32;33.68;15.38;27.31;40.45;127.87;19.15;58.15;37.50;55.73;71.89;84.01;35.00;24.40;16.08;59.82;26.72;50.14;32.03;70.70;30.03;50.40;59.91
12/08/2010;10.73;42.15;64.70;13.06;67.50;21.36;77.07;40.77;33.99;15.50;27.61;40.14;128.30;19.45;58.52;37.81;55.69;72.06;84.01;35.04;24.49;16.20;59.99;26.66;49.63;32.13;70.58;30.32;50.43;60.23
11/08/2010;10.66;42.96;65.60;13.19;68.71;23.73;77.13;40.50;34.22;15.70;27.71;40.77;129.83;19.43;58.50;37.77;56.04;71.57;84.10;34.89;24.86;16.00;60.27;26.55;48.96;31.99;71.27;29.56;51.02;60.39
10/08/2010;11.35;44.09;68.62;13.63;71.42;24.31;79.04;42.17;35.29;16.25;28.24;42.33;131.84;19.82;59.43;39.17;56.98;72.84;87.11;35.77;25.07;16.57;60.78;27.01;49.40;33.33;73.39;30.02;52.22;61.93
09/08/2010;11.66;43.75;68.99;13.91;72.07;24.77;79.29;42.41;35.16;16.38;28.70;42.60;132.00;20.65;60.05;39.82;57.11;72.92;88.03;35.36;25.61;16.42;60.38;26.86;50.61;33.49;73.35;29.86;52.06;62.45
06/08/2010;11.59;43.50;68.70;13.96;71.56;24.07;78.73;42.13;35.00;16.45;28.68;41.85;130.14;20.65;59.96;40.44;56.75;71.74;87.29;34.98;25.55;16.24;60.02;26.54;50.27;33.45;72.73;29.55;51.79;61.97
05/08/2010;11.58;43.22;68.71;14.02;71.96;24.17;79.07;42.48;34.98;16.52;28.71;46.35;131.83;20.67;59.76;41.27;56.37;70.45;87.72;35.07;25.37;16.19;59.86;26.74;50.67;33.42;73.20;29.55;51.62;62.71
04/08/2010;11.52;44.11;69.25;14.19;71.12;24.14;79.02;42.41;34.83;16.48;28.72;46.77;131.27;20.73;59.74;41.29;56.55;70.69;88.00;35.19;25.73;16.44;59.55;26.64;50.68;32.91;72.67;29.40;51.60;62.72
03/08/2010;11.56;44.60;69.54;14.34;70.37;23.82;78.66;41.43;34.21;16.40;28.45;47.36;130.37;20.87;59.35;41.08;56.38;70.45;87.21;34.82;26.16;16.34;59.94;26.69;50.12;32.42;72.03;29.54;51.29;62.72
02/08/2010;11.71;44.99;69.69;14.44;71.05;23.80;77.80;41.62;34.48;16.41;29.12;47.56;130.76;21.15;58.72;41.64;56.41;70.25;87.41;35.07;26.33;15.48;62.06;26.59;50.85;31.44;72.61;29.56;51.41;61.94
30/07/2010;11.17;44.64;68.14;14.04;69.75;23.07;76.21;40.67;33.69;16.12;28.51;46.04;128.40;20.60;58.09;40.28;55.11;69.73;85.54;34.46;25.81;15.00;61.16;25.94;50.45;30.45;71.10;29.06;51.19;59.68
29/07/2010;11.02;44.56;67.22;14.03;69.40;23.21;76.02;40.51;33.71;16.15;28.05;46.41;128.02;21.03;57.83;40.21;54.99;69.38;86.34;35.06;26.03;15.09;61.67;26.02;50.52;30.44;71.15;28.88;51.06;60.34
28/07/2010;11.04;44.58;67.32;13.99;69.72;23.39;75.56;40.27;34.04;16.05;28.08;47.13;128.43;21.33;57.83;40.32;54.88;69.77;86.69;34.74;25.95;15.00;62.70;26.20;50.29;30.33;71.11;28.91;51.13;60.91
27/07/2010;11.21;44.55;68.62;14.19;69.18;23.30;75.30;40.38;34.28;16.18;28.58;47.57;128.63;21.58;58.10;40.69;55.05;70.40;86.80;35.18;26.16;15.27;63.08;26.15;50.58;30.78;71.09;28.59;50.96;60.81
26/07/2010;11.23;45.43;68.85;14.15;69.99;23.61;74.62;38.99;34.40;16.14;28.99;46.57;128.41;21.71;57.74;40.33;54.94;70.87;87.32;35.27;26.10;15.02;62.52;25.96;50.45;31.47;71.59;28.28;51.13;60.39
23/07/2010;11.05;44.79;67.93;13.74;69.31;23.35;73.52;38.34;34.13;15.71;28.25;46.15;128.38;21.69;57.63;39.83;54.75;69.90;86.17;34.87;25.81;14.58;61.91;25.54;50.14;30.92;70.90;28.02;51.67;59.72
22/07/2010;10.82;43.19;66.60;13.66;68.00;23.27;73.44;37.73;33.59;15.21;28.22;46.07;127.47;21.78;57.02;39.35;54.26;71.40;84.75;35.18;25.84;14.81;61.37;25.51;49.29;31.00;69.53;27.00;50.86;59.38
21/07/2010;10.59;41.15;63.18;13.36;66.87;22.56;72.17;36.56;32.81;14.84;27.47;45.48;125.27;21.26;57.12;38.42;54.08;70.11;82.30;35.19;25.12;14.50;61.11;24.92;49.87;30.70;67.03;26.52;50.35;58.17
20/07/2010;10.85;42.06;63.88;13.77;66.43;23.05;73.10;36.81;33.40;14.94;27.93;46.61;126.55;21.65;58.58;39.63;53.24;70.87;82.19;35.66;25.48;14.55;62.07;24.79;50.35;30.83;67.54;26.67;50.88;58.95
19/07/2010;10.58;41.58;63.18;13.61;64.80;22.73;72.00;36.05;33.31;14.62;27.07;46.68;129.79;21.59;59.57;39.04;52.27;69.91;81.22;35.80;25.23;14.73;61.86;24.88;49.71;30.82;66.39;26.72;49.52;58.43
16/07/2010;10.41;41.38;61.90;13.98;63.94;22.75;71.50;35.98;33.03;14.55;27.11;46.20;128.03;21.02;59.44;39.00;52.37;69.94;80.95;35.91;24.89;14.56;61.99;24.69;49.62;30.34;66.03;26.69;49.67;57.96
15/07/2010;10.84;43.43;64.37;15.39;66.51;23.92;73.04;37.17;34.05;15.25;28.34;47.42;130.72;21.51;60.26;40.46;52.85;71.33;83.06;36.49;25.51;14.87;62.73;25.00;50.30;30.88;68.15;26.80;50.41;59.27
14/07/2010;10.91;43.70;64.75;15.67;66.70;23.74;73.05;37.09;34.24;15.20;28.28;47.34;130.72;21.36;60.62;40.35;52.82;70.90;83.05;36.20;25.44;14.84;62.66;24.96;51.39;30.32;68.01;26.84;50.35;59.26
13/07/2010;11.00;44.17;64.43;15.67;66.79;23.09;73.23;37.31;34.45;15.21;28.64;46.77;130.48;21.01;60.50;40.48;52.72;70.84;83.55;36.45;25.13;14.79;62.39;24.95;51.20;30.14;67.76;26.89;50.54;59.42
12/07/2010;10.87;42.83;64.34;15.21;64.28;22.86;71.85;36.52;33.77;14.93;28.31;45.68;128.67;20.57;60.21;39.19;52.45;69.94;82.26;36.09;24.83;14.93;62.09;24.84;51.12;30.04;66.68;26.49;50.12;58.94
09/07/2010;10.94;42.58;64.66;15.11;64.72;22.70;71.84;36.90;33.75;14.95;28.26;45.25;127.96;20.24;60.54;38.85;52.40;69.22;82.16;36.30;24.27;14.77;61.75;24.83;51.15;29.97;67.51;26.65;49.43;58.78
08/07/2010;10.72;42.12;64.73;14.86;63.17;22.55;70.41;36.29;33.34;14.83;28.15;45.48;127.97;20.10;61.38;38.16;52.42;69.02;81.22;35.86;24.41;14.82;61.95;24.57;50.09;29.68;67.23;26.78;49.18;58.81
07/07/2010;10.55;41.15;63.30;14.71;62.18;22.48;69.45;35.25;33.14;14.62;28.01;44.96;127.00;20.14;60.61;38.15;51.47;67.31;80.52;35.43;24.30;14.62;60.82;24.33;49.95;29.20;66.55;26.52;48.92;58.43
06/07/2010;10.21;39.21;61.36;14.06;59.81;21.34;67.56;34.05;31.72;13.97;27.34;43.17;123.46;19.48;59.08;36.33;50.43;66.11;78.14;34.65;23.82;14.29;59.34;24.41;48.58;28.89;64.59;26.61;48.57;57.46
02/07/2010;10.00;39.42;61.94;13.84;59.18;21.13;67.31;34.06;31.38;13.88;27.76;42.81;121.86;19.20;59.08;35.83;50.05;66.14;77.67;34.22;23.27;14.14;59.38;24.29;48.54;28.30;64.29;26.81;48.00;56.57
01/07/2010;10.05;39.48;62.26;14.02;59.97;21.26;67.48;34.49;31.49;14.12;27.92;42.89;122.57;19.25;59.07;36.08;50.03;66.71;78.55;34.44;23.16;14.23;59.54;24.34;48.93;27.85;64.39;28.13;48.34;56.61
30/06/2010;10.06;39.70;62.75;14.37;60.07;21.31;67.86;34.59;31.50;14.42;28.07;43.28;123.48;19.45;59.06;36.61;50.12;65.87;78.99;34.97;23.01;14.26;59.98;24.19;49.25;28.40;64.91;28.02;48.07;57.07
29/06/2010;10.34;40.09;63.04;14.57;60.85;21.62;68.36;35.24;32.30;14.48;28.63;44.30;125.09;19.79;59.24;37.06;50.33;66.46;78.49;35.43;23.31;14.28;60.32;24.46;49.73;28.63;64.97;28.62;48.90;57.29
28/06/2010;11.03;42.11;67.30;15.24;64.40;22.42;69.96;36.23;33.22;15.00;29.59;46.07;128.98;20.36;59.45;38.54;51.08;67.33;78.98;35.94;24.31;14.54;60.62;24.95;51.07;29.19;67.11;28.71;49.57;58.47
25/06/2010;11.23;42.67;68.77;15.42;64.71;22.18;70.06;36.66;33.48;14.91;30.20;45.92;127.12;20.03;58.70;39.44;50.26;67.42;78.90;35.93;24.53;14.64;59.79;24.79;51.12;29.88;67.86;28.55;48.80;59.10
24/06/2010;11.11;41.06;67.43;15.02;63.37;22.57;70.83;36.52;33.60;15.08;29.67;45.89;128.19;20.32;59.60;38.03;51.80;67.73;78.18;35.61;25.00;14.46;60.87;25.05;50.54;29.76;67.35;28.96;50.03;60.07
23/06/2010;11.43;42.17;67.45;15.43;64.33;22.86;72.26;37.26;34.34;15.39;30.50;46.89;130.11;20.81;59.24;38.89;52.24;68.63;80.12;35.42;25.31;14.88;61.38;25.44;51.11;30.21;67.99;29.33;50.81;61.10
22/06/2010;11.29;41.94;66.28;15.58;64.11;22.97;74.00;37.45;34.35;15.79;30.61;46.77;129.30;20.98;59.16;38.33;52.46;68.64;80.03;35.13;25.77;14.97;60.72;25.36;51.01;30.64;67.99;29.06;50.68;61.94
21/06/2010;11.72;42.60;67.97;15.79;66.07;23.34;75.72;38.31;35.06;16.10;31.43;47.51;130.65;21.19;59.13;38.87;52.48;69.92;81.47;35.12;25.95;15.10;61.10;25.44;51.17;31.15;69.37;29.06;51.02;63.13
18/06/2010;11.11;42.03;67.96;15.82;65.85;23.49;75.52;38.36;35.15;15.95;31.94;47.98;130.15;21.40;59.18;39.18;52.31;69.88;81.18;35.67;26.44;15.21;61.30;25.43;51.35;31.33;69.18;29.13;51.55;63.10
17/06/2010;11.18;42.06;67.26;15.82;64.95;23.17;75.32;37.80;35.07;15.91;31.91;48.24;130.98;21.52;59.18;38.44;52.36;70.05;81.03;35.86;26.37;15.47;61.76;25.57;51.71;31.50;68.56;29.09;51.41;62.60
16/06/2010;11.41;42.34;67.03;15.87;64.39;23.29;74.95;37.76;34.79;15.85;32.14;48.01;130.35;21.49;59.24;38.52;52.40;70.29;80.88;36.01;26.32;15.48;61.19;25.52;50.83;31.39;68.59;29.18;50.98;62.51
15/06/2010;11.59;41.59;67.48;15.80;63.46;23.33;75.23;37.86;34.99;15.79;32.26;47.98;129.79;21.48;59.14;38.25;52.18;70.40;79.77;36.02;26.58;15.52;61.91;25.54;51.23;31.19;68.60;29.11;51.64;62.51
14/06/2010;11.34;39.89;64.82;15.41;61.00;22.76;74.18;36.86;33.93;15.39;32.06;46.88;128.50;20.89;58.42;37.33;51.51;69.30;78.14;35.02;25.50;15.33;61.25;25.17;50.05;30.59;66.90;28.63;51.24;61.37
11/06/2010;11.36;40.13;65.38;15.60;60.23;22.91;74.06;37.61;34.24;15.56;32.22;47.19;128.45;20.64;58.46;38.09;51.65;69.54;78.30;34.86;25.66;15.46;61.01;25.29;50.41;30.67;66.23;28.56;50.86;61.86
10/06/2010;11.25;40.03;63.89;15.46;59.95;22.77;74.17;36.99;34.11;15.68;32.72;46.50;127.68;20.55;58.50;38.29;52.45;69.37;77.43;34.65;25.00;14.91;61.91;25.44;49.99;30.70;65.49;28.34;51.22;61.89
09/06/2010;10.80;38.11;61.71;15.01;56.81;22.78;70.79;35.58;32.94;15.32;31.76;45.41;123.90;19.93;58.17;37.12;51.35;68.26;74.79;33.71;24.79;14.52;61.47;24.90;48.79;30.53;63.42;27.78;50.99;60.03
08/06/2010;10.76;38.43;61.02;15.33;56.61;22.96;71.02;35.49;33.15;15.48;31.81;45.88;123.72;20.18;58.64;37.78;51.56;68.38;74.92;33.81;25.11;14.55;62.14;24.97;49.09;30.89;64.21;27.68;50.78;61.24
07/06/2010;10.51;37.71;60.11;14.83;55.83;22.76;71.35;34.09;33.04;15.41;31.55;45.24;124.13;20.31;58.00;36.72;50.80;66.75;74.74;33.31;25.29;14.52;60.62;24.32;48.27;30.46;63.22;27.08;50.74;59.30
04/06/2010;10.84;38.41;61.15;15.35;57.76;22.96;71.28;34.41;33.69;15.71;32.15;46.05;125.28;20.95;58.01;37.62;51.27;66.70;76.10;33.17;25.79;14.76;60.80;24.17;48.61;30.34;65.14;27.21;50.40;59.53
03/06/2010;11.37;40.54;64.31;15.81;61.11;23.72;73.91;35.78;34.71;16.45;33.43;47.48;127.96;21.90;59.77;39.10;52.75;67.85;78.34;34.29;26.86;15.23;61.80;24.80;49.72;30.46;67.85;27.64;51.72;61.56
02/06/2010;11.48;40.97;64.34;15.89;60.86;23.35;74.13;36.19;34.74;16.35;33.87;47.27;127.41;21.81;59.73;39.55;52.41;67.77;78.74;34.36;26.46;15.20;61.74;24.78;49.78;29.91;67.46;27.59;51.72;60.77
01/06/2010;11.19;39.19;62.95;15.44;59.27;23.00;72.29;35.24;33.33;15.98;33.54;45.58;124.34;21.18;58.76;38.54;51.29;66.36;78.07;33.53;25.89;14.99;61.16;24.33;48.60;28.98;66.05;27.21;50.92;59.25
28/05/2010;11.64;39.87;64.18;15.74;60.76;23.16;73.87;36.17;33.42;16.35;33.86;46.01;125.26;21.42;58.30;39.58;51.40;66.87;79.31;33.69;25.80;15.23;61.09;24.30;49.47;29.07;67.38;27.52;50.56;60.46
27/05/2010;11.82;40.33;65.13;16.18;62.06;23.67;74.36;36.79;34.37;16.66;34.55;46.94;126.39;21.76;59.03;40.42;51.23;67.20;81.43;33.62;26.00;15.37;60.95;24.63;49.73;29.32;68.11;27.58;50.70;61.46
26/05/2010;11.25;38.17;63.26;15.47;59.73;22.89;71.55;35.08;33.07;16.01;34.04;45.72;123.23;20.70;59.66;38.78;50.08;66.01;79.17;32.42;25.01;15.11;60.44;24.13;48.00;28.79;66.15;26.93;50.02;59.31
25/05/2010;11.30;39.00;62.78;15.49;59.21;23.31;72.57;35.48;32.32;15.95;33.98;45.85;124.52;20.85;60.35;38.94;50.62;67.84;79.47;32.06;26.07;15.06;61.05;24.32;48.67;28.87;66.16;27.40;50.28;59.71
24/05/2010;11.09;39.04;63.15;15.40;59.22;23.37;73.44;35.40;32.48;16.01;33.22;45.69;124.45;20.67;60.57;38.62;51.46;67.66;79.59;31.86;26.27;15.22;61.40;24.43;48.49;28.83;66.13;27.49;51.00;60.19
21/05/2010;11.35;39.82;64.56;15.99;60.09;23.46;74.48;36.10;32.87;16.42;33.02;46.58;125.42;20.91;60.88;40.05;51.59;67.86;80.70;32.04;26.84;15.40;61.85;24.85;49.23;28.70;66.44;27.96;51.37;60.88
20/05/2010;11.07;38.62;63.00;15.30;58.67;23.31;73.60;35.71;31.99;16.26;32.89;45.95;123.80;20.79;60.55;37.83;51.54;67.66;79.58;31.82;27.11;15.23;61.61;24.96;48.42;28.96;66.43;27.76;51.30;60.33
19/05/2010;11.78;40.17;66.21;16.31;61.44;24.26;76.60;36.82;33.39;17.26;34.38;47.00;128.86;21.60;62.22;39.38;53.12;69.40;82.54;32.62;28.24;15.82;63.22;25.57;50.14;29.99;69.35;28.51;53.04;62.45
18/05/2010;11.82;39.84;67.72;15.95;63.19;24.36;76.85;37.08;33.73;17.23;34.73;46.79;129.95;21.43;62.97;39.02;53.10;70.02;84.02;32.35;28.60;15.81;63.21;25.59;49.83;30.18;70.68;28.42;53.71;62.79
17/05/2010;12.10;41.22;69.68;16.35;63.78;24.87;77.73;37.65;34.20;17.56;35.59;47.52;130.44;22.02;63.88;39.84;53.41;70.14;84.68;32.78;28.94;16.11;63.38;25.77;50.12;30.44;71.03;28.66;52.73;63.27
14/05/2010;12.36;40.64;69.82;16.34;64.88;24.94;77.83;37.65;34.06;17.64;35.20;47.43;131.19;21.89;63.97;39.89;53.34;69.59;84.68;32.88;28.93;16.20;62.54;25.40;50.12;30.39;71.58;28.51;52.12;63.60
13/05/2010;12.80;42.81;71.76;16.87;66.91;25.53;78.92;38.59;34.75;18.05;35.27;48.72;131.48;22.50;64.67;40.81;53.49;70.50;85.59;33.31;29.24;16.56;62.75;25.74;50.17;30.18;72.86;28.69;52.40;64.74
12/05/2010;12.46;44.10;72.87;17.07;68.15;26.74;80.06;39.26;35.13;18.44;35.89;49.56;132.68;23.09;64.90;41.69;54.02;70.67;86.44;33.64;29.44;16.90;63.02;25.82;50.19;30.32;73.15;28.70;52.48;64.91
11/05/2010;12.13;43.33;71.42;17.16;66.07;25.96;79.70;38.10;35.76;18.00;35.63;48.42;126.89;22.28;64.67;41.55;53.61;70.48;85.04;33.51;28.88;17.01;62.37;25.64;49.78;29.85;73.13;28.40;52.46;64.46
10/05/2010;12.59;43.09;71.00;17.30;66.69;26.13;79.89;38.24;35.29;18.04;35.29;49.10;126.27;22.55;64.75;41.95;54.04;70.58;85.97;34.25;28.94;17.00;62.42;25.67;50.09;29.88;73.04;28.61;52.58;65.23
07/05/2010;12.00;40.60;66.72;16.18;62.10;24.71;77.10;36.23;33.41;16.88;33.43;46.73;122.10;21.31;63.31;40.76;52.67;68.01;82.63;33.49;28.21;16.46;60.31;25.10;49.26;29.02;69.46;28.19;52.40;63.70
06/05/2010;11.94;42.50;67.97;16.28;63.50;25.49;77.20;36.69;34.01;17.31;33.96;48.33;123.92;21.51;63.40;40.81;52.30;69.42;84.24;34.27;28.98;16.74;60.75;25.14;49.80;29.24;71.24;28.01;53.23;63.89
05/05/2010;12.46;44.43;71.00;17.53;65.96;26.55;80.19;37.87;35.34;18.10;35.24;50.93;127.46;22.17;65.14;42.63;53.66;70.66;86.59;35.59;29.85;17.18;62.16;25.77;50.62;30.00;73.59;28.68;54.77;66.17
04/05/2010;12.58;45.86;72.79;17.56;66.70;26.56;80.76;38.60;36.59;18.58;35.42;50.64;128.12;22.56;64.70;42.47;53.18;70.64;87.68;35.81;30.13;17.26;61.71;25.90;50.00;29.49;74.16;28.75;54.02;66.47
03/05/2010;13.15;47.20;74.39;18.06;69.94;27.54;82.83;40.12;37.56;19.26;35.87;52.71;129.60;23.26;65.33;43.53;53.76;71.42;89.81;35.27;30.86;16.91;62.68;26.28;51.21;30.26;76.28;29.29;53.74;67.84
30/04/2010;13.43;46.12;72.43;17.83;68.09;26.93;81.44;39.84;36.84;18.86;35.23;51.97;129.00;22.84;64.30;42.58;53.45;70.59;88.67;35.04;30.54;16.72;62.16;26.06;50.74;30.31;74.95;28.90;53.64;67.77
29/04/2010;13.72;47.60;73.79;18.30;70.75;27.53;82.29;40.57;37.22;19.49;35.56;52.88;130.46;23.49;65.01;44.00;53.74;71.52;89.33;35.25;31.00;16.86;62.20;26.14;51.42;31.30;76.02;29.22;53.70;68.66
28/04/2010;13.57;46.08;72.37;17.78;68.97;27.04;80.62;39.46;36.29;18.95;35.19;53.28;130.10;23.26;64.62;43.46;53.36;70.34;88.24;34.56;30.91;16.53;63.17;25.91;51.12;30.44;74.66;29.12;53.61;69.19
27/04/2010;13.44;45.79;72.48;17.47;68.53;27.01;80.23;39.40;36.32;18.70;35.29;53.25;128.82;23.35;64.28;42.41;52.87;70.53;87.97;34.48;30.85;16.46;63.11;25.95;50.53;29.80;74.32;28.75;54.04;68.27
26/04/2010;14.05;47.14;74.34;18.05;71.65;27.57;82.59;40.95;37.04;19.30;36.49;54.26;130.73;23.82;64.76;43.89;53.73;71.02;87.44;35.00;31.11;16.82;63.94;26.27;51.92;29.85;76.40;28.94;54.04;69.29
23/04/2010;14.11;48.05;75.13;18.43;68.78;27.47;82.67;40.22;36.79;19.07;36.39;53.90;129.99;24.04;65.04;44.94;53.88;71.15;86.58;35.46;30.96;16.91;63.54;26.25;53.38;30.95;76.47;29.05;54.53;69.24
22/04/2010;13.85;46.77;75.59;18.54;67.51;27.32;81.20;39.47;36.78;18.95;35.72;53.31;129.13;23.99;64.78;44.74;54.31;71.03;86.05;33.77;31.39;16.48;63.59;26.27;53.79;30.46;76.43;29.28;54.49;68.56
21/04/2010;13.71;45.99;74.16;18.28;67.75;27.24;81.92;39.07;36.56;19.03;35.27;53.70;128.99;23.80;65.39;45.35;54.19;70.36;85.70;34.74;31.33;16.60;63.63;26.34;52.80;30.26;76.93;29.56;54.47;68.92
20/04/2010;13.75;46.20;71.41;18.61;67.50;27.18;82.05;39.16;36.54;19.00;35.18;53.56;129.69;24.12;65.99;45.88;54.47;70.34;85.27;36.06;31.36;16.76;63.19;26.66;53.17;30.98;74.20;29.76;54.52;68.97
19/04/2010;13.72;45.76;70.96;18.39;66.99;27.07;81.32;39.37;36.17;18.94;35.17;53.64;132.23;24.00;66.03;45.39;55.32;69.92;83.90;35.90;31.04;16.79;63.22;26.38;53.19;31.23;73.76;29.73;54.39;68.23
16/04/2010;13.91;45.10;70.79;18.41;66.88;26.98;80.75;38.66;35.83;18.97;35.01;53.75;130.63;23.92;65.02;45.55;54.97;69.03;83.76;35.71;30.67;16.80;62.85;25.93;52.14;30.73;73.69;29.58;54.11;67.93
15/04/2010;14.31;46.67;72.09;19.48;68.22;27.21;81.59;39.33;36.40;19.50;35.14;54.23;130.89;24.22;65.51;47.81;54.26;69.16;85.00;36.04;30.87;16.99;63.00;26.24;52.88;30.63;74.61;29.54;54.13;68.26
14/04/2010;14.43;46.46;71.70;19.40;67.28;26.88;80.58;38.87;36.20;19.35;34.98;54.52;131.25;23.52;65.49;47.73;54.95;69.42;84.39;36.21;30.82;17.07;63.19;26.24;52.91;31.05;74.00;29.85;54.64;68.61
13/04/2010;14.34;44.99;71.19;18.67;66.19;26.44;80.21;38.61;35.84;18.95;34.34;53.78;129.03;22.77;65.68;45.87;55.02;68.92;83.94;36.70;30.45;17.18;63.00;26.20;52.22;32.16;73.46;30.07;54.72;68.66
12/04/2010;14.57;44.54;71.92;18.66;66.73;26.53;80.43;38.90;35.89;18.71;33.48;53.88;128.36;22.54;65.11;46.14;54.76;68.53;83.28;36.85;30.32;17.29;62.70;26.38;52.02;32.26;73.76;29.94;55.02;68.71
09/04/2010;14.39;43.88;72.42;18.59;65.27;26.60;79.50;39.19;36.22;18.52;33.25;53.87;128.76;22.55;65.14;45.98;54.59;68.68;83.49;36.97;30.34;17.25;62.73;26.44;52.40;32.26;73.99;30.08;55.07;68.76
08/04/2010;14.87;43.69;72.28;18.65;64.48;26.28;77.66;39.14;35.67;18.56;32.97;53.63;127.61;22.31;64.93;45.76;53.76;68.76;82.95;36.78;29.92;17.14;62.56;26.02;52.26;32.62;73.70;30.16;55.38;67.86
07/04/2010;14.74;42.37;72.10;18.62;64.47;26.34;77.37;38.79;35.32;18.50;32.61;53.29;128.48;22.45;65.22;45.32;53.82;67.70;83.66;36.79;29.35;17.07;62.50;25.65;52.50;32.93;73.99;30.24;55.28;67.34
06/04/2010;15.03;43.12;72.36;18.49;65.29;26.22;77.88;38.81;35.47;18.60;32.55;53.86;128.93;22.40;65.31;45.84;54.29;67.81;84.35;37.25;29.32;16.96;63.11;26.31;52.59;33.41;74.67;31.20;55.53;67.90
05/04/2010;14.73;42.67;72.04;18.13;64.99;26.17;77.66;38.42;35.22;18.53;32.66;53.87;129.35;22.59;65.40;45.34;54.86;68.03;84.19;37.39;29.27;16.90;63.76;26.31;53.33;33.14;74.85;31.46;55.49;68.19
01/04/2010;14.70;41.70;72.99;18.04;63.99;25.83;76.69;37.91;35.55;18.33;32.38;53.24;128.25;22.39;65.77;45.18;55.30;67.58;83.85;37.71;29.16;17.08;63.36;26.11;53.92;32.99;74.13;31.28;55.49;67.61
31/03/2010;14.24;41.26;72.61;17.85;62.85;26.03;75.83;37.24;34.91;18.20;32.35;53.15;128.25;22.29;65.20;44.75;55.00;66.72;83.57;37.35;29.29;17.15;63.27;25.84;53.94;32.67;73.61;31.02;55.60;66.98
30/03/2010;14.40;41.29;73.53;17.76;63.16;26.65;75.30;37.78;35.10;18.30;32.69;53.26;128.77;22.34;64.90;44.58;54.87;67.24;84.28;37.66;29.77;17.26;63.66;25.95;53.93;33.06;74.13;31.23;55.91;67.05
29/03/2010;14.44;41.48;74.11;18.04;63.48;26.51;75.23;37.72;35.16;18.40;32.60;52.97;128.59;22.33;64.82;44.86;54.77;67.07;81.36;37.89;29.59;17.28;63.73;26.51;54.76;32.84;74.00;30.45;55.74;67.30
26/03/2010;14.27;41.12;72.59;17.90;62.44;26.47;74.43;37.69;35.31;18.34;32.75;53.42;129.26;22.24;64.38;45.02;54.65;67.26;81.00;37.43;29.66;17.14;63.69;26.24;54.35;32.63;73.62;30.37;55.51;66.54
25/03/2010;14.11;41.42;72.49;17.74;62.14;26.43;73.80;37.83;35.09;18.30;32.62;53.50;129.24;22.35;64.57;44.94;54.80;66.90;80.93;37.78;30.01;17.39;63.62;26.15;54.08;33.12;73.27;30.31;55.61;66.30
24/03/2010;14.32;41.01;72.32;17.57;62.06;26.45;73.93;38.77;34.39;18.45;32.32;53.06;128.53;22.43;64.75;44.94;54.62;66.80;81.61;38.01;29.65;17.61;63.61;26.26;54.06;32.72;73.04;30.46;55.58;66.50
23/03/2010;14.50;41.24;72.18;17.13;62.41;26.64;74.77;38.31;34.01;18.33;32.59;53.15;129.37;22.67;65.36;44.58;55.30;67.35;82.35;38.50;29.88;17.54;64.53;26.55;53.90;33.16;73.09;30.98;55.89;66.95
22/03/2010;14.34;41.08;71.91;16.96;59.95;26.28;74.46;37.79;33.95;18.07;32.67;52.95;127.98;22.24;65.10;43.74;54.54;67.01;81.84;38.30;29.60;17.15;63.88;26.40;53.39;33.30;72.61;30.65;55.62;66.97
19/03/2010;14.26;40.33;70.72;16.82;59.37;26.15;74.98;36.86;33.64;18.07;32.36;52.49;127.71;21.99;65.11;43.45;54.75;66.53;81.96;38.06;29.59;16.91;63.84;26.24;53.46;34.39;73.24;30.41;55.34;67.04
18/03/2010;14.30;41.00;70.87;17.08;59.77;26.34;74.76;37.07;33.78;18.19;32.40;52.73;128.38;22.20;65.06;43.64;53.95;66.68;83.67;38.45;29.61;17.23;63.73;26.06;53.38;33.59;72.50;30.30;55.94;67.39
17/03/2010;14.46;41.01;69.38;17.27;60.22;26.26;74.67;36.49;33.75;18.04;32.52;52.23;127.76;22.24;64.65;43.79;53.84;66.38;82.18;38.08;29.63;17.21;64.01;25.90;52.99;32.75;72.19;30.15;55.92;67.36
16/03/2010;13.80;40.92;68.72;17.03;59.45;26.15;73.98;35.94;33.75;18.07;32.55;52.35;128.67;22.01;64.53;43.24;53.70;66.07;81.66;37.94;29.37;17.26;63.53;25.85;52.85;33.05;72.40;29.93;55.99;66.57
15/03/2010;13.51;40.70;69.40;16.85;59.47;26.08;73.57;35.48;33.72;17.29;32.69;52.42;127.83;21.17;64.57;43.07;53.65;65.93;81.26;37.75;29.29;17.26;63.70;25.78;52.73;32.53;71.84;29.86;55.42;66.30
12/03/2010;13.60;40.76;69.83;16.85;60.36;25.88;73.72;35.49;33.69;17.04;32.45;52.36;127.94;21.27;64.18;43.15;53.35;65.53;81.38;37.16;29.27;17.08;63.32;25.62;53.16;32.91;71.53;29.73;53.90;66.80
11/03/2010;13.64;40.11;70.07;17.12;58.90;25.97;73.99;35.35;33.81;16.48;32.13;52.02;127.60;21.25;64.22;43.18;53.60;65.21;81.26;36.88;29.18;17.29;63.17;25.60;53.62;33.50;72.04;29.84;53.97;67.22
10/03/2010;13.57;39.72;70.01;17.11;58.78;25.87;73.96;35.20;33.33;16.51;31.71;51.78;125.62;21.19;64.29;42.93;54.20;64.94;81.56;36.67;28.97;17.15;63.01;25.52;52.89;33.24;71.79;29.75;53.63;67.22
09/03/2010;13.67;39.70;67.79;16.80;59.18;26.13;74.30;35.25;33.31;16.49;31.68;51.88;125.55;20.94;64.27;42.42;54.18;65.10;81.99;37.04;28.80;17.23;63.30;25.56;53.57;33.08;71.78;29.91;54.06;66.78
08/03/2010;13.78;39.71;67.24;16.74;58.91;26.13;74.64;35.37;33.19;16.27;31.96;51.73;126.41;20.77;64.20;42.59;54.46;65.12;81.31;37.35;28.63;17.35;63.19;25.28;53.80;33.10;70.76;29.63;54.15;66.48
05/03/2010;13.84;40.20;67.93;16.70;59.23;25.21;74.30;34.97;33.22;16.35;31.80;52.03;127.25;20.79;64.04;42.81;54.70;63.67;82.44;37.49;28.59;17.48;63.69;24.99;53.94;33.74;71.25;29.23;54.14;66.47
04/03/2010;13.43;38.89;65.55;16.40;58.45;24.95;73.08;34.56;32.57;16.11;31.44;51.51;126.72;20.53;63.57;41.92;54.47;63.43;81.02;37.14;28.63;17.33;63.67;24.96;53.55;32.95;70.37;29.27;53.96;65.40
03/03/2010;13.34;38.28;64.45;16.37;58.57;24.84;73.13;34.26;31.64;16.03;31.47;51.10;126.88;20.52;63.40;41.53;53.93;63.63;81.00;37.21;28.46;17.32;63.55;24.89;53.12;34.10;69.60;29.13;53.66;65.43
02/03/2010;13.24;38.39;64.44;16.46;58.15;24.61;73.32;34.03;31.88;15.90;31.36;51.12;127.42;20.70;63.44;41.62;53.30;64.07;81.13;37.39;28.46;17.60;63.71;24.88;53.29;33.95;69.75;29.26;53.59;65.49
01/03/2010;13.31;38.13;64.00;16.71;57.85;24.60;72.81;34.03;31.54;15.90;31.43;51.54;128.57;20.87;63.39;41.83;53.27;63.98;80.58;37.27;29.02;17.75;63.51;25.00;53.08;34.04;69.64;28.99;53.90;65.40
26/02/2010;13.30;38.19;63.16;16.66;57.05;24.33;72.30;33.72;31.24;16.06;31.20;50.79;127.16;20.53;63.00;41.97;52.72;63.85;80.15;36.88;28.67;17.55;63.28;24.81;52.59;33.86;68.65;28.93;54.07;65.00
25/02/2010;13.31;38.04;62.87;16.55;56.79;24.33;72.11;33.52;31.36;15.92;31.36;50.92;127.07;20.63;63.28;40.64;53.12;64.38;79.74;36.57;28.60;17.69;63.70;24.77;52.75;33.45;68.67;28.88;54.15;65.14
24/02/2010;13.06;38.41;63.48;16.33;56.96;24.34;72.34;33.98;31.39;16.12;31.36;50.79;127.59;20.70;63.45;40.85;55.16;65.26;80.07;36.93;28.63;17.81;63.89;24.91;52.79;33.62;68.62;28.96;53.92;65.55
23/02/2010;13.18;37.93;62.77;15.94;56.66;24.05;72.04;33.68;30.92;15.95;30.75;50.12;126.46;20.39;63.31;39.88;54.83;64.87;79.71;36.51;28.33;17.67;63.21;24.83;52.36;32.81;67.79;28.74;53.62;64.94
22/02/2010;13.54;38.93;63.97;16.21;58.03;24.30;72.96;33.98;31.12;16.25;30.32;50.56;126.85;20.87;63.49;40.85;55.38;64.77;80.68;37.12;28.73;17.95;63.42;25.02;53.04;33.08;68.40;29.00;53.83;65.40
19/02/2010;13.53;39.06;63.59;15.88;58.25;24.36;74.05;34.03;31.23;16.17;30.15;50.79;127.19;20.82;63.81;40.03;55.72;64.74;81.52;37.49;28.77;17.99;63.45;25.10;52.88;31.94;68.52;29.02;53.49;65.87
18/02/2010;13.61;39.15;62.89;15.88;57.81;24.28;73.62;33.62;31.02;16.24;30.30;50.81;127.81;20.84;64.53;40.41;55.91;64.48;81.11;37.29;28.97;17.73;63.39;25.24;52.74;32.69;68.11;29.15;53.47;65.96
17/02/2010;13.60;39.05;61.82;15.66;57.50;24.07;72.84;33.13;30.86;16.15;30.02;50.12;126.33;20.66;63.98;40.04;55.33;64.26;80.14;37.34;28.59;17.67;62.85;25.40;51.75;32.55;67.35;29.14;54.06;65.76
16/02/2010;13.74;39.62;61.26;15.16;57.12;24.00;72.99;32.74;30.47;16.04;29.44;49.44;125.23;20.72;63.61;40.07;54.82;64.01;80.47;37.66;28.35;17.72;62.83;25.32;51.61;31.63;66.33;29.18;53.56;66.28
12/02/2010;13.28;38.42;59.65;14.45;56.20;23.76;71.01;32.28;30.07;15.55;29.00;48.46;124.00;20.43;62.72;38.95;53.98;63.59;79.18;36.92;27.93;17.80;61.76;25.07;50.45;32.18;65.69;28.93;52.90;64.80
11/02/2010;13.58;38.29;60.59;14.63;56.15;23.93;71.73;32.55;30.16;15.77;28.99;48.62;123.73;20.06;62.91;39.02;54.22;63.79;80.27;36.88;28.12;17.87;61.96;25.19;50.20;33.12;66.71;29.04;53.08;65.24
10/02/2010;13.16;37.75;59.54;14.67;53.15;23.76;70.75;32.38;30.03;15.69;28.65;48.02;122.81;19.69;62.73;38.87;53.79;63.25;78.62;36.20;27.99;17.74;61.67;25.12;49.69;32.71;66.64;28.87;53.24;64.85
09/02/2010;13.28;37.54;59.74;14.47;53.53;23.89;71.31;32.88;29.84;15.60;28.87;48.12;123.21;19.65;62.76;38.39;54.01;63.57;78.72;36.47;28.01;17.88;61.76;25.26;49.57;33.00;66.52;28.75;53.25;65.20
08/02/2010;13.06;36.79;57.89;14.48;50.78;23.50;70.13;32.19;29.48;15.60;28.59;47.59;121.88;19.35;62.37;37.70;52.65;62.92;77.53;36.59;27.72;17.84;61.01;24.98;49.05;32.41;65.40;28.37;52.93;64.35
05/02/2010;13.18;37.85;58.40;15.00;51.75;23.70;71.18;32.73;29.54;15.79;27.98;47.32;123.52;19.47;62.64;38.30;53.09;63.37;78.54;36.73;28.02;17.96;61.30;25.24;50.28;32.54;66.50;28.74;53.45;64.80
04/02/2010;12.91;37.53;59.32;14.75;51.40;23.16;71.37;32.52;29.67;16.04;27.93;47.03;123.00;19.02;62.64;38.35;53.43;64.06;79.21;37.10;27.84;18.03;61.40;25.03;49.73;32.46;66.38;28.63;52.97;64.72
03/02/2010;13.49;38.33;61.46;15.53;53.39;23.07;73.21;33.49;30.75;16.68;28.47;48.73;125.66;19.68;63.63;40.29;54.87;65.21;81.50;38.72;28.63;18.62;62.65;25.58;50.57;33.32;68.24;29.19;54.27;66.60
02/02/2010;13.67;39.02;61.94;15.60;53.55;23.02;74.45;33.63;29.98;16.85;29.03;48.59;125.53;19.91;63.99;40.55;55.05;64.03;80.43;39.54;28.46;19.24;62.90;25.69;51.09;34.05;68.03;29.73;53.49;66.96
01/02/2010;13.36;38.21;61.70;15.42;52.94;22.73;73.58;33.66;29.52;16.25;28.39;47.83;124.67;19.61;63.09;39.63;54.38;63.89;80.44;38.30;28.41;18.79;61.99;25.38;50.69;33.13;67.55;29.61;53.48;66.18
29/01/2010;12.73;37.66;60.60;15.18;52.24;22.47;72.12;32.61;29.55;16.08;28.01;47.07;122.39;19.40;62.86;38.94;54.25;62.43;80.49;38.18;28.18;18.66;61.55;25.36;50.67;33.00;67.48;29.42;53.43;64.43
28/01/2010;12.92;37.43;62.56;15.37;51.86;22.52;73.24;32.32;29.35;16.16;27.34;47.79;123.75;19.92;63.80;39.48;54.18;62.83;80.75;37.97;29.16;18.63;61.68;25.54;50.27;33.43;67.37;29.33;52.61;64.96
27/01/2010;13.30;38.67;61.93;15.19;53.44;23.15;73.70;32.86;29.32;16.30;27.84;49.45;126.33;20.24;63.44;39.33;54.51;63.73;82.30;38.64;29.67;19.00;60.81;25.62;50.90;33.24;67.61;29.87;53.40;65.54
26/01/2010;13.54;38.10;57.71;14.77;55.85;22.90;74.15;32.80;29.66;16.35;27.73;49.74;125.75;20.00;62.79;38.44;54.14;63.81;81.63;38.58;29.50;18.78;60.69;25.33;50.23;32.44;68.47;30.17;53.61;65.92
25/01/2010;13.39;37.79;57.78;14.98;55.14;22.99;74.55;32.82;29.92;16.37;27.62;50.06;126.12;20.32;63.22;39.21;54.35;63.09;81.83;38.76;29.32;18.85;60.63;25.58;48.89;33.00;68.59;30.68;52.88;65.85
22/01/2010;13.40;38.59;57.77;14.90;54.25;22.97;74.59;32.50;29.98;16.11;27.72;49.29;125.50;19.91;63.20;39.16;54.24;63.39;81.48;38.87;28.96;18.96;60.31;25.39;48.31;33.16;69.08;30.34;52.94;66.10
21/01/2010;14.25;42.16;59.20;15.47;56.85;23.98;76.24;33.15;30.61;16.02;28.48;51.29;129.00;20.84;63.97;40.54;54.37;63.20;82.70;40.08;30.01;19.24;59.84;25.67;48.95;33.10;70.13;30.63;52.92;66.70
20/01/2010;15.23;42.98;60.20;16.49;59.76;24.41;78.15;34.52;31.19;16.50;28.66;52.21;130.25;21.08;65.15;43.40;55.50;63.01;84.72;41.03;30.59;19.94;60.45;25.83;48.93;34.55;71.43;30.71;53.86;68.03
19/01/2010;15.62;42.96;60.65;16.32;60.93;24.85;79.68;34.84;31.01;16.54;28.88;52.75;134.14;21.05;65.35;43.28;56.42;63.48;85.12;40.62;31.10;20.00;61.72;26.20;49.43;35.13;72.29;31.23;54.03;69.27
15/01/2010;15.63;42.39;60.82;16.26;60.12;24.40;79.23;34.01;30.60;16.44;28.57;52.47;131.78;20.80;64.56;43.68;56.29;62.28;83.37;39.47;30.86;19.49;60.82;25.79;48.79;33.75;71.99;30.58;53.68;69.11
14/01/2010;15.81;42.68;61.56;16.82;61.98;24.95;79.55;34.09;31.02;16.70;28.30;52.51;132.31;21.48;65.10;44.69;57.13;62.65;83.50;39.99;30.96;19.38;61.58;26.19;49.28;33.32;72.81;31.22;54.21;69.68
13/01/2010;15.98;42.15;61.16;16.62;62.33;24.64;79.80;34.30;31.29;16.83;28.13;52.22;130.23;20.96;64.97;44.25;57.03;62.59;83.78;38.93;30.35;19.21;61.52;26.64;49.02;32.54;72.56;31.87;55.01;69.67
12/01/2010;15.52;42.02;60.43;16.36;62.24;24.20;80.41;34.00;30.82;16.77;27.98;51.97;130.51;20.61;64.56;43.49;56.88;62.66;84.05;37.55;30.07;18.77;60.89;26.96;48.85;32.05;71.74;31.91;54.73;69.95
11/01/2010;17.45;41.47;60.87;16.93;64.13;24.59;80.88;34.26;31.36;16.76;28.16;52.43;129.48;20.95;64.22;44.53;56.27;62.32;83.98;37.85;30.27;18.83;60.20;26.97;48.54;32.92;72.16;31.88;54.21;70.30
08/01/2010;17.02;41.95;61.60;16.78;60.34;24.66;79.47;33.94;31.88;16.60;28.98;52.59;130.85;20.83;64.21;44.68;55.15;61.84;84.32;37.70;30.66;18.68;60.44;27.10;48.56;32.70;70.63;31.75;53.33;69.52
07/01/2010;16.61;41.98;62.20;16.93;59.67;24.53;79.33;34.39;31.83;16.25;29.12;52.20;129.55;20.60;63.99;44.79;56.19;61.90;83.73;37.72;30.45;18.53;60.52;27.30;48.63;33.01;70.49;31.73;53.60;69.80
06/01/2010;16.97;41.49;59.78;16.39;59.43;24.42;79.63;34.04;31.82;15.45;28.78;52.18;130.00;20.80;64.45;43.92;56.33;61.45;83.67;37.66;30.77;18.60;60.85;27.61;47.94;31.79;70.19;31.92;53.57;70.02
05/01/2010;16.13;40.83;58.02;16.20;59.25;24.58;79.62;33.93;31.99;15.53;28.88;52.67;130.85;20.87;63.93;43.68;56.35;62.30;82.50;37.16;30.96;18.66;61.14;28.44;48.63;31.48;70.56;33.34;53.69;69.42
04/01/2010;16.65;40.92;56.18;15.69;58.55;24.69;79.06;34.26;32.07;15.45;28.67;52.45;132.45;20.88;64.68;42.85;57.04;62.78;83.02;37.01;30.95;18.93;61.12;28.58;49.81;31.53;71.63;33.28;54.23;69.15
